periodo,general,materiales,maquinaria,mano_obra,general_yoy,materiales_yoy,maquinaria_yoy,mano_obra_yoy
2018-01,93.43317148299,93.724718479886,95.576979959313,91.722469958154,,,,
2018-02,94.537227719153,94.879746551724,95.877239089065,92.628966486796,,,,
2018-03,95.204773692627,95.633190560387,96.130157003304,92.882616653607,,,,
2018-04,96.462562759697,96.883719115507,95.978263411022,94.299840644807,,,,
2018-05,97.24038089115,97.78436839376,97.460498351117,94.374049908408,,,,
2018-06,98.007422594109,98.664413624385,97.021903187888,94.653457049002,,,,
2018-07,98.510569405455,99.150885383767,96.322880026723,95.347441535779,,,,
2018-08,98.641539358467,99.288948139777,96.322467267762,95.452603387264,,,,
2018-09,98.775322531095,99.377281250677,96.663111464527,95.806464590779,,,,
2018-10,98.78469027417,99.350654769159,96.774547240474,95.995443071187,,,,
2018-11,98.736271068929,99.268643824507,98.19420860489,95.996389625028,,,,
2018-12,98.768308280839,99.278991147821,98.296351200467,96.135918314373,,,,
2019-01,99.696936268663,100.109460441854,98.091299217135,97.675990415639,6.704005318724882,6.812228476672577,2.6306745190027403,6.490798231012707
2019-02,100.014786449794,100.43742608933,99.000512627382,97.889953006472,5.7940759030014055,5.85760369266608,3.257575591445261,5.679634264758793
2019-03,100.149047878796,100.421823710538,99.30142957768,98.79428408438,5.1933049094069705,5.0072920521534225,3.2989362269188804,6.364665040413042
2019-04,100.016579091759,100.245409393946,99.039088638214,98.903024771516,3.6843478240523364,3.4698196034682827,3.1890816924704746,4.881433621979814
2019-05,100.109443916478,100.21637264945,99.499352690105,99.602305457067,2.950485178106832,2.4871094384909753,2.091980210939104,5.539929200593963
2019-06,100.206952825381,100.299879566906,99.945436450698,99.74307776916,2.2442486222509883,1.6576046848534531,3.0132714023846985,5.377110228021675
2019-07,100,100,100,100,1.51195004103033,0.8563863176273889,3.8174938002859315,4.879583960808365
2019-08,100.19907895437,100.109696239063,100.935158058953,100.614397168218,1.5789895474388693,0.8266258376819158,4.7888004969478315,5.407703507060901
2019-09,100.135405231297,100.026032129983,101.196240976618,100.630321682642,1.3769458457337347,0.6528160874813338,4.689616797359708,5.035001669738359
2019-10,99.850832518147,99.665795356876,100.99584510395,100.742041971529,1.0792585784477282,0.3172003128205203,4.361991849971192,4.9446085652441685
2019-11,99.495709948319,99.241482567765,100.805189134398,100.742045601872,0.7691589637407237,-0.027361365780320668,2.658996458756513,4.94357756096977
2019-12,99.433274923659,99.153490811023,100.866708426797,100.805538620406,0.6732591196451754,-0.12641177689963756,2.6149060417186565,4.857310761585398
2020-01,99.939008713165,99.555165474897,100.421361849129,101.944809606093,0.2428083084214938,-0.5536888966442333,2.375401947563338,4.370387412801202
2020-02,100.937925349896,100.428617432772,100.673449428783,103.674403509427,0.9230024208124465,-0.008770293008275587,1.689826402917327,5.909136050532737
2020-03,101.46380503605,100.96672565726,104.024370169733,103.900692624338,1.31280045602149,0.5426130761104764,4.756165759283881,5.168728724828497
2020-04,102.473792347457,102.097255094532,106.657779585403,104.133501771896,2.456805939586948,1.8473122228555905,7.6926101117709145,5.288490430361814
2020-05,102.688893481693,102.353308288041,106.234098586159,104.18333917788,2.5766296008666867,2.1323218772504093,6.768632874456637,4.599324985291253
2020-06,102.64243079657,102.319155152147,104.837017703222,104.18333917788,2.430448090196924,2.013238294961295,4.8942517299796595,4.451698812619664
2020-07,102.938284022237,102.664659953175,105.501970594704,104.183930261241,2.938284022236992,2.664659953174997,5.501970594704009,4.183930261240998
2020-08,103.164257146062,102.943412764102,105.048207911156,104.18499845076,2.959286874325784,2.8306114507350655,4.074942697172679,3.5487975707614527
2020-09,103.648162944935,103.530525770052,104.734630614666,104.184998765458,3.5080076877145316,3.5035815831572226,3.496562326722752,3.532411527040913
2020-10,104.351160040802,104.378142584133,104.526788829546,104.192774039007,4.507050576505822,4.728148920483077,3.496127708978314,3.4253147940491724
2020-11,104.944749733018,105.076899013629,104.133618835605,104.307719918305,5.47665802629016,5.880017402883331,3.3018436151827313,3.539410278131916
2020-12,105.733192709576,106.018140959896,103.918027339427,104.365080044281,6.335824492106723,6.923256148345147,3.025100115014112,3.5310970732261415
2021-01,108.507987659741,109.107314068947,105.5859120251,105.556136341451,8.57420846665573,9.594829709221475,5.142880041529518,3.5424331550687915
2021-02,110.253317051687,110.958553244415,106.547676352129,106.802001052618,9.228832145598087,10.484995293987653,5.83493160975026,3.0167499761950545
2021-03,111.5745732838,112.485013017621,107.725114515557,107.041487694734,9.964901517499424,11.408003265809352,3.5575743835657203,3.022881745121575
2021-04,112.979076439734,114.099051501476,107.218360792854,107.487790848211,10.251678845510881,11.755258646112976,0.525588672134436,3.2211430704237376
2021-05,114.44098060816,115.810760575284,107.476269799316,107.718177691659,11.444360463930913,13.148038409634255,1.1692773127354839,3.392901918553126
2021-06,115.926042096944,117.536857653244,107.994675687513,107.99876715673,12.941637485867009,14.87277966522349,3.0119685331281065,3.6622246982654705
2021-07,117.104956454604,118.953798612423,107.973134695076,108.008647008495,13.762297056852702,15.866354270960837,2.342291889376358,3.6711196608378405
2021-08,117.983674460045,119.980422895198,108.501456220505,108.128122327494,14.364875707873681,16.549878883592896,3.287298639372871,3.784732864969609
2021-09,118.355343883498,120.374301725599,108.429299022813,108.418246582416,14.189523982568275,16.269381257618765,3.5276473373360373,4.063202828737289
2021-10,118.636588958222,120.700290359959,109.048127896498,108.433003584055,13.689765319172608,15.637515069469355,4.325531394947024,4.069600396147011
2021-11,118.845091524096,120.945014456826,109.442805598219,108.433002661027,13.2453903853607,15.101431039698676,5.098436817984364,3.9549160368503644
2021-12,119.183139508703,121.325014028487,110.304078553055,108.504039348165,12.72064756057334,14.437975359689826,6.145277558790907,3.9658469117523465
2022-01,122.941490102059,125.407538117723,110.140429159159,110.860032265791,13.301787963830392,14.939625439295101,4.313565178066825,5.024715860367479
2022-02,124.302827932067,126.632282951105,111.196074078508,112.97475528288,12.742937134302768,14.125751686906508,4.3627396537645025,5.7796241357134015
2022-03,125.997770640066,128.534504766061,111.773990935472,113.657620132672,12.926957219526436,14.268115651927605,3.758525983586014,6.180904787876451
2022-04,129.7304992864,132.88608826858,111.64629983687,114.412275133442,14.827013438724347,16.465550344089387,4.129832811537559,6.442112383730536
2022-05,131.309983350872,134.662181108032,112.600526183819,114.995746959722,14.740351448464573,16.27777974957123,4.767802598723625,6.756119927033022
2022-06,131.934605444399,135.38336820249,112.920219954112,115.130994626447,13.809290007561659,15.183756742839428,4.560913985103543,6.603989709777491
2022-07,132.263170386642,135.663818947167,113.960061859179,115.656980962569,12.944126697074632,14.047487789094326,5.5448303700828205,7.0812237407922085
2022-08,132.473285870878,135.870061032015,114.479329996338,115.862088408265,12.281030809681969,13.243525696435054,5.509487138757185,7.152594453963301
2022-09,132.235488839614,135.565832396809,114.548267127049,115.952909601216,11.727518589932707,12.620244066578312,5.643279223771991,6.949626337179682
2022-10,131.89131714216,135.082919975771,114.198124386928,116.348700025683,11.172546598255328,11.915985929213058,4.722682167747139,7.300080399868225
2022-11,131.188262073516,134.191175846143,113.966065383648,116.612246560111,10.38593213327401,10.952217789882956,4.132989611061855,7.543131425266503
2022-12,131.2575690318,134.274611259263,113.844110487589,116.622121429853,10.130987967652327,10.67347680482067,3.209339111455689,7.481824760126132
2023-01,134.855969646741,137.88098469,114.342568455858,120.435253112422,9.691178734527517,9.946329191605585,3.815255968021214,8.637216362768196
2023-02,136.209389884351,139.143170536471,114.841947060645,122.345804674605,9.57867343033505,9.879698362696864,3.2787785111575873,8.294817163587243
2023-03,137.403181406271,140.180279201145,115.382052981905,124.428932744848,9.052073467860389,9.060426580613413,3.2279978698407374,9.476982361237818
2023-04,137.696016190092,140.37821795712,115.19795518774,125.267123311868,6.14004952382623,5.638009054339399,3.1811670929170477,9.487485644145899
2023-05,137.824469399409,140.513157459164,115.666932329058,125.332749816498,4.961150616499377,4.344929142680454,2.72326093772699,8.989030577275692
2023-06,137.402787784832,139.998071027541,115.519856121603,125.386115450417,4.144615676845609,3.4086187146332936,2.3021883667490473,8.907350151228744
2023-07,136.828427807627,139.254108586133,115.211718509632,125.693620032601,3.4516467491588765,2.6464606899826437,1.0983292129129074,8.677936244315632
2023-08,136.553653764635,138.901498065686,115.212505027086,125.810837132898,3.0801439451982437,2.231129514953789,0.6404431531626287,8.586716208304868
2023-09,136.377558266284,138.680987151503,115.76711299519,125.810837132898,3.1323432635348425,2.2978907735215826,1.0640456627677652,8.501664654716535
2023-10,136.195674226233,138.349309742426,117.775762664745,126.245564023344,3.2635636502390097,2.418062747859495,3.1328345338625496,8.506209347827998
2023-11,136.064899420127,138.172327087436,117.892171840601,126.340559260401,3.7172817670823477,2.9667757333444733,3.4449785063092264,8.342445143851386
2023-12,136.432699092273,138.59244971916,118.874001314902,126.378535076973,3.9427288640544678,3.2156774980788727,4.418226648502244,8.365834481058032
2024-01,138.733836618058,140.576063978807,119.375448279305,130.521356151709,2.875561965462259,1.9546417476393962,4.401580173870201,8.37470987823805
2024-02,139.686961151484,141.170995704434,119.836695145904,133.42440780461,2.553106852681486,1.457365934773991,4.349236679713742,9.055155719863084
2024-03,139.9512481651,141.298281749835,119.838805683827,134.440643553631,1.85444524118763,0.7975462419259394,3.862604787090196,8.046127687450987
2024-04,139.950787423992,141.181785959506,119.690536410442,135.070896487022,1.6374992510947095,0.5724306905160015,3.8998793124238595,7.826293855847788
2024-05,140.12949802806,141.343136011475,120.801948790367,135.264743058792,1.6724378760139658,0.5906767503621069,4.4394853031119785,7.92449958756638
2024-06,140.878410318284,142.114289205594,122.557798818991,135.811561761878,2.5295138399191286,1.5116052403584046,6.092409507487129,8.314673657454264
2024-07,140.864521609547,142.062840295924,122.710020364214,135.984079747345,2.94974799213108,2.016983009196971,6.508280539149447,8.18693877388126
2024-08,141.198810677189,142.331114051892,124.20070561657,136.574265584417,3.401708254954805,2.469099350234605,7.801410608484649,8.555247462624571
2024-09,141.836026878569,142.990181919757,125.376388856901,137.050335219173,4.002468354527244,3.107271484552099,8.300523018234252,8.933648596902955
2024-10,141.74700282374,142.870035101842,125.484625635574,137.11082251584,4.07599479869365,3.2676168517447257,6.545373000701926,8.606447740600931
2024-11,141.744863312107,142.842498206855,126.610326786133,137.150461940437,4.174451982977612,3.3799612540821533,7.395024461267541,8.556161808462214
2024-12,141.799785319561,142.883175449054,126.755384382909,137.273827139922,3.933870885056745,3.0959303617106304,6.630030941020393,8.621157110511724
2025-01,143.65580544438,144.823122859828,127.889659649878,138.742416230593,3.5477782106411837,3.021182099437114,7.132296877874023,6.298632132911952
2025-02,144.89283962278,145.792476362381,128.975540866281,141.418689399171,3.7268177562044924,3.273675753922478,7.62608290327953,5.991618569720769
2025-03,145.376166116763,146.329041840148,129.218577408706,141.638198937088,3.876291224829398,3.5603830619963306,7.826990323673488,5.3537049460684605
2025-04,146.617511278857,147.39929283753,129.848595354264,143.84217590847,4.763620110737654,4.403901562633106,8.486935766573955,6.493833719605746
2025-05,147.027631306135,147.878341210191,129.174116821674,143.974915571089,4.922684641811603,4.623645253056674,6.930490869675943,6.439351685687367
2025-06,147.016799797037,147.825598276277,128.751541306942,144.221630908763,4.357225116953445,4.018814084501066,5.0537318290929,6.1924544845678
2025-07,147.131564074835,147.872195895147,128.506183080454,144.729594968146,4.448985730174981,4.089285830919498,4.723463250219084,6.43127874751952
2025-08,147.296638489247,148.048178625958,128.581161109219,144.815975904137,4.318611313234744,4.0167356323661085,3.5269167521255973,6.03459977211136
2025-09,147.824227008406,148.619677943514,128.397009624999,145.044352294982,4.22191756327448,3.936980810973556,2.409242119379895,5.832905890397733
2025-10,148.139440623556,148.928975684444,128.461256346616,145.425903945833,4.509751650809091,4.240875686971735,2.3721078944655583,6.064496789837559
2025-11,148.070939485996,148.843421671106,128.670919764547,145.475741579577,4.463002063051613,4.201077088109217,1.6275078271416943,6.0701798020597275
2025-12,148.212584777533,149.005717871177,128.456045791202,145.476158894664,4.5224324166077245,4.284998848101651,1.3416877054749365,5.975160688411085
2026-01,150.245533142484,151.092407868151,128.203778279384,147.245937323997,4.58716421360037,4.328925439890519,0.2456169094248617,6.128998848680101
2026-02,151.735042713139,152.646262921468,127.976701892533,148.346982133217,4.722250670338335,4.701056412575966,-0.7744406164449158,4.899135159208057
2026-03,152.409603012573,153.128337283517,128.77065993657,150.552491664961,4.8380949117621475,4.646579624840741,-0.3466355079264516,6.293706637594632
2026-04,153.403952751164,154.178481277522,128.956130012396,151.166553458076,4.628670486296582,4.599200111132373,-0.687312280454877,5.091954083249317
2026-05,154.222812998574,155.035627680557,129.313507881558,151.72138954029,4.893761552518994,4.8399829290705965,0.10790943519778384,5.380433069520429
2026-06,154.895418489704,155.790699633167,129.41623021006,151.783317675149,5.3589921039933985,5.388174612358898,0.5162570454464666,5.243101689211693
2026-07,155.414082089603,156.335065064878,129.568585215669,152.127437299073,5.629327783503535,5.723096974722575,0.826732309487288,5.11149245774869
2026-08,155.874480390959,156.827970172673,129.16201086342,152.386778756513,5.823515043989436,5.930361067728529,0.45173783561309744,5.227878212406356
