periodo,variacion_anual,unidad,fuente,nota
2025-01,3.55,porcentaje,INEGI · INPP · Construcción residencial por ciudad · Nacional · serie 672776,Calculada con la serie mensual oficial de nivel: mes contra mismo mes del año previo.
2025-02,3.73,porcentaje,INEGI · INPP · Construcción residencial por ciudad · Nacional · serie 672776,Calculada con la serie mensual oficial de nivel: mes contra mismo mes del año previo.
2025-03,3.88,porcentaje,INEGI · INPP · Construcción residencial por ciudad · Nacional · serie 672776,Calculada con la serie mensual oficial de nivel: mes contra mismo mes del año previo.
2025-04,4.76,porcentaje,INEGI · INPP · Construcción residencial por ciudad · Nacional · serie 672776,Calculada con la serie mensual oficial de nivel: mes contra mismo mes del año previo.
2025-05,4.92,porcentaje,INEGI · INPP · Construcción residencial por ciudad · Nacional · serie 672776,Calculada con la serie mensual oficial de nivel: mes contra mismo mes del año previo.
2025-06,4.36,porcentaje,INEGI · INPP · Construcción residencial por ciudad · Nacional · serie 672776,Calculada con la serie mensual oficial de nivel: mes contra mismo mes del año previo.
2025-07,4.45,porcentaje,INEGI · INPP · Construcción residencial por ciudad · Nacional · serie 672776,Calculada con la serie mensual oficial de nivel: mes contra mismo mes del año previo.
2026-01,4.59,porcentaje,CEICO/CMIC con datos INEGI · INPP · Construcción residencial por ciudad · Nacional,Observación mensual publicada/verificada del índice nacional de construcción residencial por ciudad; no se interpolan meses no recuperados.
2026-02,4.72,porcentaje,CEICO/CMIC con datos INEGI · INPP · Construcción residencial por ciudad · Nacional,Observación mensual publicada/verificada del índice nacional de construcción residencial por ciudad; no se interpolan meses no recuperados.
2026-04,4.84,porcentaje,CEICO/CMIC con datos INEGI · INPP · Construcción residencial por ciudad · Nacional,Variación anual nacional del índice de construcción residencial por ciudad; no confundir con Edificación residencial por actividad económica (4.63%).
2026-05,4.89,porcentaje,CEICO/CMIC con datos INEGI · INPP · Construcción residencial por ciudad · Nacional,Observación mensual publicada/verificada del índice nacional de construcción residencial por ciudad; no se interpolan meses no recuperados.
2026-06,5.39,porcentaje,CEICO/CMIC con datos INEGI · INPP · Construcción residencial por ciudad · Nacional,Observación mensual publicada/verificada del índice nacional de construcción residencial por ciudad; no se interpolan meses no recuperados.
