periodo,construccion,edificacion,edificacion_residencial,edificacion_no_residencial,obra_civil,construccion_yoy,edificacion_yoy,edificacion_residencial_yoy,edificacion_no_residencial_yoy,obra_civil_yoy
2018-01,91.85334838,92.939983545683,93.43317148299,92.058073888759,85.414876501008,,,,,
2018-02,92.913660250898,94.042618828777,94.537227719153,93.158168249541,86.224415980355,,,,,
2018-03,93.715602431114,94.777673669693,95.204773692627,94.013941213555,87.422675403689,,,,,
2018-04,94.962944606142,96.048998013071,96.462562759697,95.309469090679,88.527919732641,,,,,
2018-05,96.045466122687,96.934397814909,97.24038089115,96.38724446954,90.778416165665,,,,,
2018-06,97.248172299603,97.93245716125,98.007422594109,97.798405344137,93.193684668363,,,,,
2018-07,98.029645057959,98.530264203479,98.510569405455,98.5654820814,95.063403588601,,,,,
2018-08,98.337961585299,98.714266920387,98.641539358467,98.844317017582,96.108297578102,,,,,
2018-09,98.847899322149,98.908130769589,98.775322531095,99.145616034712,98.491019209284,,,,,
2018-10,98.725494811327,98.85165093901,98.78469027417,98.971388776231,97.978001350688,,,,,
2018-11,99.044646496147,98.911541784446,98.736271068929,99.224957675018,99.833311330779,,,,,
2018-12,99.094607932512,98.969402671622,98.768308280839,99.328995986399,99.836467368688,,,,,
2019-01,99.712434243735,99.81496393198,99.696936268663,100.026018842675,99.104930883477,8.556123431909901,7.3972257407574515,6.704005318724882,8.65534614980572,16.02771664992977
2019-02,99.858667600562,100.059227802067,100.014786449794,100.138697016076,98.670319148189,7.474689223210174,6.397747157854483,5.7940759030014055,7.49320096959869,14.434314255801528
2019-03,99.692275749003,100.100092148637,100.149047878796,100.012550406587,97.275904087427,6.37745814234314,5.615688033758892,5.1933049094069705,6.380552836739395,11.270792890104353
2019-04,99.666455650452,99.967268645166,100.016579091759,99.879092605673,97.88409477307,4.952996206907612,4.079449773710064,3.6843478240523364,4.794511561748793,10.568615041091167
2019-05,99.973603831628,100.112243713915,100.109443916478,100.117250260528,99.152142303784,4.0898731272991595,3.2783469755224726,2.950485178106832,3.8698126619510775,9.22435804876509
2019-06,100.219823041887,100.233919285333,100.206952825381,100.282140216229,100.136300743059,3.0557394262680004,2.350050423317307,2.2442486222509883,2.539647618335006,7.4496636756040235
2019-07,100,100,100,100,100,2.009958253828259,1.4916592464278677,1.51195004103033,1.4553958326052774,5.192951467173157
2019-08,100.054403673566,100.134248198874,100.19907895437,100.014421761602,99.365950075107,1.7454521739075801,1.4384762433906406,1.5789895474388693,1.183785552195027,3.3895642510550994
2019-09,100.150783506135,100.103426816985,100.135405231297,100.044321236196,100.559113105834,1.3180696736304398,1.2084911908612606,1.3769458457337347,0.9064497629116985,2.0997791607329175
2019-10,99.713610807489,99.706842792933,99.850832518147,99.44070713488,99.771967519582,1.0008721638218976,0.8651265262637375,1.0792585784477282,0.47419599184377326,1.8309887364133415
2019-11,99.256596404946,99.298085399162,99.495709948319,98.932816701281,98.898860577041,0.21399431094666355,0.39079727981430334,0.7691589637407237,-0.29442287563762326,-0.93601097798095
2019-12,99.042263344666,99.183872830328,99.433274923659,98.722903895708,97.821245878467,-0.052822841664257325,0.21670349917903842,0.6732591196451754,-0.6101864663707879,-2.018522433069425
2020-01,99.325241815291,99.61300209085,99.939008713165,99.010445298481,96.84404981822,-0.388309072364601,-0.20233623614553942,0.2428083084214938,-1.0153093724457163,-2.2813002795140758
2020-02,100.193265738342,100.513718368445,100.937925349896,99.729658228105,97.430186297634,0.3350717026572081,0.45422154094278966,0.9230024208124465,-0.4084722491499271,-1.2568448762109496
2020-03,100.870164478884,101.125607208696,101.46380503605,100.50051745871,98.667628163931,1.1815245675067088,1.0244896263793768,1.31280045602149,0.48790581795907784,1.4306976527847848
2020-04,102.533531384571,102.43162138487,102.473792347457,102.353676956113,103.412242927325,2.8766707067163777,2.465159619846391,2.456805939586948,2.4775799277730437,5.647647012592993
2020-05,101.93741953825,102.387682771299,102.688893481693,101.830956168036,98.055057637373,1.9643342155889254,2.2728878836103084,2.5766296008666867,1.7116989360460355,-1.106465922894273
2020-06,101.584465267568,102.220902139824,102.64243079657,101.441792336788,96.096834735462,1.3616490074130905,1.9823457654436494,2.430448090196924,1.1563894807774977,-4.033967679674843
2020-07,101.871948354693,102.525182528952,102.938284022237,101.761648619888,96.239484310664,1.8719483546929983,2.525182528951997,2.938284022236992,1.7616486198880121,-3.760515689336008
2020-08,101.977533333436,102.708014062391,103.164257146062,101.864741716924,95.679016503142,1.9220839755782704,2.570315261572942,2.959286874325784,1.8500531450679203,-3.7104597391542926
2020-09,102.483914863952,103.244865215214,103.648162944935,102.499451564826,95.922675936682,2.3296186770960903,3.1381926654442838,3.5080076877145316,2.4540426665834003,-4.610658373918197
2020-10,103.203191752128,103.993618750141,104.351160040802,103.332776550953,96.387792587219,3.499603430645104,4.299379899241806,4.507050576505822,3.913959914619114,-3.3919095879298977
2020-11,103.729954550251,104.603961086386,104.944749733018,103.974082735043,96.193896911191,4.506862321829619,5.343381663297175,5.47665802629016,5.095645915938762,-2.735080717884375
2020-12,104.062986490824,105.309966247103,105.733192709576,104.527718396239,93.31099445238,5.069273436013821,6.176501523846323,6.335824492106723,5.879906558120762,-4.610707403676417
2021-01,107.318724915551,108.47371696191,108.507987659741,108.410374562265,97.359890199613,8.047786196307483,8.895138872512609,8.57420846665573,9.493876363697362,0.5326505679608129
2021-02,109.42907889963,110.440022129367,110.253317051687,110.785108409908,100.712294603239,9.217997929529131,9.875571137997241,9.228832145598087,11.085418699136241,3.36867702949748
2021-03,110.946698995544,111.894918059268,111.5745732838,112.487010081779,102.770749247745,9.989608491983182,10.649439986399333,9.964901517499424,11.926796922208482,4.158528141567253
2021-04,112.488047562392,113.446840348445,112.979076439734,114.311406590743,104.220926664687,9.708547090302332,10.753728989788346,10.251678845510881,11.682755314943115,0.7819999977471959
2021-05,113.917678856524,115.077150413651,114.44098060816,116.252980630464,103.920219885557,11.752562869004791,12.393549007936988,11.444360463930913,14.162711424048258,5.981498955285436
2021-06,115.594821702235,116.795967795479,115.926042096944,118.403848134803,105.238027081844,13.791829683568713,14.258400533110471,12.941637485867009,16.720974075163,9.512480168099312
2021-07,117.147718645073,118.256021467372,117.104956454604,120.383530525249,107.591458359746,14.995070318272052,15.343390326545169,13.762297056852702,18.299508860081094,11.795547462034905
2021-08,118.109458989825,119.253772806527,117.983674460045,121.601290719556,108.242696530614,15.819097725812249,16.109510922959824,14.364875707873681,19.37525062153369,13.131071458138809
2021-09,118.524944460879,119.70021790445,118.355343883498,122.185943410429,108.39123487607,15.652241249977195,15.938180223234145,14.189523982568275,19.206436273614823,12.998552029155675
2021-10,118.932770265346,120.095636747315,118.636588958222,122.792389191995,108.906038802439,15.24136826213387,15.483659661715699,13.689765319172608,18.8319846718205,12.987377217807472
2021-11,119.412556693007,120.39962105986,118.845091524096,123.272852051496,110.901666150961,15.118682169246235,15.100441521931796,13.2453903853607,18.561134475821284,15.289711418333152
2021-12,120.002600164709,120.83285796638,119.183139508703,123.882026278093,112.843762799085,15.317274865343688,14.740192474142045,12.72064756057334,18.515957469277723,20.932976292170235
2022-01,123.510818316619,124.462567804002,122.941490102059,127.27396989921,115.304427748201,15.087854811739088,14.73983863547923,13.301787963830392,17.40017541043619,18.43113987885261
2022-02,124.712003243906,125.734054685119,124.302827932067,128.379385615358,115.8994392039,13.96605408539875,13.848270093460258,12.742937134302768,15.881446033658841,15.079732480022923
2022-03,126.594031945399,127.575958395475,125.997770640066,130.49291678394,118.127442716192,14.103468684979493,14.014077321993422,12.926957219526436,16.00709867661212,14.942669563911881
2022-04,130.870698159276,131.567903023201,129.7304992864,134.963969318031,124.859100049259,16.341870087742414,15.973175294347808,14.827013438724347,18.06693080177744,19.802331494299395
2022-05,132.943982672809,133.35928450158,131.309983350872,137.146999975584,129.363072931486,16.70180081552406,15.886849841356753,14.740351448464573,17.972889152439286,24.483063136267557
2022-06,133.342651044938,133.894294073799,131.934605444399,137.516379067624,128.586149245686,15.353481307683747,14.639483366635409,13.809290007561659,16.141815687494663,22.186012804747925
2022-07,133.899782938333,134.230699693067,132.263170386642,137.867276580231,131.046477345863,14.299949232485165,13.508553752675144,12.944126697074632,14.523370413459503,21.800075343985114
2022-08,134.166278687487,134.437174327008,132.473285870878,138.067021844506,131.83050078515,13.594863472404239,12.732009363858033,12.281030809681969,13.540753578779219,21.791589650452515
2022-09,133.052760173656,133.80228925391,132.235488839614,136.698200463376,126.590000322995,12.257179936981233,11.781157625558292,11.727518589932707,11.87719032802288,16.789886624811224
2022-10,132.180581311787,133.221860843386,131.89131714216,135.681099674258,123.202224464239,11.138907314514213,10.929809318292705,11.172546598255328,10.496343109759486,13.127082592485051
2022-11,130.737673046099,132.198119890963,131.188262073516,134.06463623014,118.145076598987,9.48402468444527,9.799448476035533,10.38593213327401,8.754388333723174,6.531381086886601
2022-12,130.273749384339,132.03878632133,131.2575690318,133.482707247785,115.054847073756,8.559105557323242,9.273908226244142,10.130987967652327,7.749857875379096,1.959420901807185
2023-01,133.648309958679,135.455369938398,134.855969646741,136.563239203511,118.067067025841,8.207776274360533,8.832215443045467,9.691178734527517,7.2986403360068675,2.3959524639183716
2023-02,134.972016943323,136.722764342868,136.209389884351,137.671632389819,119.876325127603,8.226965674948673,8.739644709039629,9.57867343033505,7.2381143825550165,3.4313245612056287
2023-03,136.254068045298,138.0056523018,137.403181406271,139.119196952298,121.151160491481,7.630719988494761,8.175281642011111,9.052073467860389,6.610535177660837,2.5597081472030547
2023-04,136.467946166641,138.291925516298,137.696016190092,139.393342443328,120.740817200003,4.276929890412062,5.110686070531401,6.14004952382623,3.2818930472173546,-3.2983441716553097
2023-05,136.781833878812,138.503192583235,137.824469399409,139.757674046369,121.939543944231,2.8868182890597005,3.8571803237247293,4.961150616499377,1.90355900694128,-5.738522453920581
2023-06,136.25030243848,137.937474907347,137.402787784832,138.925735069599,121.702780827655,2.1805861596092546,3.019681205622926,4.144615676845609,1.0248641009388049,-5.353118091186571
2023-07,135.521023484759,137.217453599444,136.828427807627,137.936488481626,120.893678497791,1.210786538147457,2.225090022779086,3.4516467491588765,0.05020183404778056,-7.747479408604274
2023-08,135.13061730621,136.862263630217,136.553653764635,137.432666063695,120.199623121773,0.7187637818957926,1.803882977568505,3.0801439451982437,-0.4594549605954623,-8.822599924984253
2023-09,134.907936359393,136.639515388562,136.377558266284,137.123689735137,119.977522419785,1.3943161970602524,2.1204615784023773,3.1323432635348425,0.3112617944630358,-5.223538894334645
2023-10,134.766730423735,136.362937424048,136.195674226233,136.67208935244,121.003551933747,1.9565272646575815,2.3577786414157753,3.2635636502390097,0.7303815200209618,-1.7846045719167813
2023-11,134.909977943766,136.299985035141,136.064899420127,136.734492877678,122.924743135762,3.191356248321653,3.102816551068366,3.7172817670823477,1.9914697287917393,4.045590958477563
2023-12,135.194235431515,136.703835676844,136.432699092273,137.204976388443,122.177817372385,3.7770357193446458,3.5330901513749957,3.9427288640544678,2.7885777996308647,6.190934567113726
2024-01,137.277820766506,138.885543639818,138.733836618058,139.165943147543,123.415347501141,2.715717698898823,2.532327587293115,2.875561965462259,1.9058598486766831,4.529866464904586
2024-02,138.136724332408,139.722261029396,139.686961151484,139.787505658645,124.465549754934,2.3447137123348227,2.1938531604042133,2.553106852681486,1.5368985114049272,3.828299393100343
2024-03,138.269796148143,139.851153879538,139.9512481651,139.666149994602,124.634654396828,1.47938929953626,1.3372652112118688,1.85444524118763,0.3931542549742595,2.8753285492399083
2024-04,138.11945997642,139.711953224122,139.950787423992,139.270516886541,124.388303047578,1.210184410456594,1.0268334196103623,1.6374992510947095,-0.08811436373795667,3.020921948484978
2024-05,138.378054937576,139.92941879145,140.12949802806,139.559613104144,125.001533208508,1.1669832268649483,1.0297424785770781,1.6724378760139658,-0.1417174001903332,2.511071605842141
2024-06,139.040805452111,140.58285686679,140.878410318284,140.036586553503,125.744579551078,2.0480710601658902,1.9178123720329898,2.5295138399191286,0.7996009402775561,3.321040567796585
2024-07,139.194588262256,140.549024001918,140.864521609547,139.965890981172,127.516064841095,2.710697339081203,2.427949444535904,2.94974799213108,1.471258636409578,5.47785990598757
2024-08,139.548687313671,140.847430058819,141.198810677189,140.197974606649,128.350372677454,3.2694811105979715,2.911808063740162,3.401708254954805,2.0121188230987297,6.781010908348328
2024-09,140.394056354205,141.584830003192,141.836026878569,141.120543779784,130.126697378235,4.066565795059707,3.6192419159033262,4.002468354527244,2.9147801174014276,8.459230323943023
2024-10,139.823035216373,141.319472975628,141.74700282374,140.529271193555,126.920109733812,3.7518939405444707,3.6348113682581173,4.07599479869365,2.822216195999161,4.889573657560464
2024-11,139.868809012086,141.27275640702,141.744863312107,140.400163021143,127.763374952939,3.675659238775486,3.6484019940258516,4.174451982977612,2.68086718012277,3.936255381744469
2024-12,139.878173379009,141.232913910107,141.799785319561,140.185167653478,128.197021915906,3.464598865878954,3.313058635727928,3.933870885056745,2.1720722844612794,4.926593610012775
2025-01,141.648958397851,143.021899456502,143.65580544438,141.85025344512,129.810874212814,3.184154298879638,2.9782479214763624,3.5477782106411837,1.928855750814762,5.1821161963781615
2025-02,142.750157222455,144.157720252105,144.89283962278,142.79900193265,130.613547616576,3.3397584258226365,3.1744828562256355,3.7268177562044924,2.1543386583912083,4.939517700879548
2025-03,143.45070603903,144.703156013764,145.376166116763,143.459234016057,132.65154744077,3.746957061639211,3.4694044343783537,3.876291224829398,2.715821995237655,6.432314577947773
2025-04,144.619648103573,145.884759190685,146.617511278857,144.530416310423,133.711319986871,4.706207313772248,4.418237540964554,4.763620110737654,3.7767501273561432,7.495091347718574
2025-05,144.864124856442,146.233257464142,147.027631306135,144.765019332122,133.058878762082,4.687209920526736,4.505013118140111,4.922684641811603,3.7298800936726106,6.445797380848117
2025-06,144.716587163434,146.147716763059,147.016799797037,144.541393917412,132.376776526042,4.082097836579268,3.958419981137551,4.357225116953445,3.216878870571338,5.274340252789944
2025-07,144.619453771945,146.168062364189,147.131564074835,144.387225839805,131.266689085411,3.8973250163059747,3.997920584773551,4.448985730174981,3.1588659405795916,2.9412954744093334
2025-08,144.682170329928,146.2527923492,147.296638489247,144.344592442058,131.137856167447,3.6786322502039726,3.8377429308604993,4.318611313234744,2.957687403860909,2.1717767014186817
2025-09,145.201395278562,146.764037446233,147.824227008406,144.829066980729,131.726990898126,3.4241755307848676,3.6580242692132003,4.22191756327448,2.6279116432063265,1.2297964615512136
2025-10,145.434890003792,147.055239565643,148.139440623556,145.081741358135,131.458405999685,4.013540958208184,4.058723450662871,4.509751650809091,3.239517380197432,3.575710953442379
2025-11,145.274932123879,146.962812220601,148.070939485996,144.951591241355,130.710524601632,3.8651384465037353,4.027709204729746,4.463002063051613,3.2417542275407607,2.306724951323935
2025-12,145.371647242509,147.087025749126,148.212584777533,145.04798682692,130.56797879747,3.927327424140059,4.14500535105089,4.5224324166077245,3.468854269563204,1.8494633074388478
2026-01,147.246623043314,149.023315589564,150.245533142484,146.827848588523,131.910916160097,3.9517866624481535,4.196151887136157,4.58716421360037,3.509049171582057,1.6177704371978407
2026-02,148.573886101777,150.493635168151,151.735042713139,148.265215600277,131.994178310378,4.079665474726291,4.395127021269252,4.722250670338335,3.8279074738947427,1.0570348321407907
2026-03,149.190380596445,151.156488812513,152.409603012573,148.908375678777,132.207702408353,4.001147652667081,4.459704250082264,4.8380949117621475,3.7983903232817307,-0.33459468885215227
2026-04,150.628297350426,152.174984535994,153.403952751164,149.963324983623,137.297503393085,4.154794542543594,4.311776898563546,4.628670486296582,3.7590071431962135,2.6820342560122334
2026-05,151.519793213779,153.016450980037,154.222812998574,150.839116089486,138.625232336591,4.594421402768045,4.638612059611891,4.893761552518994,4.195831828287688,4.183376281459594
2026-06,152.234723819699,153.652563897554,154.895418489704,151.416336716128,140.026814118726,5.195075978246,5.135110763763873,5.3589921039933985,4.75638335316193,5.778987669471647
2026-07,152.989492922917,154.210168036475,155.414082089603,152.034624623127,142.498360490112,5.787630178835412,5.501958185809741,5.629327783503535,5.296451080656284,8.556375941951956
2026-08,153.22943014276,154.559105115665,155.874480390959,152.206467363703,141.789775561624,5.907611002337854,5.679421659610062,5.823515043989436,5.446601627837833,8.122688371979937
