periodo,variacion_mensual,variacion_anual,unidad,fuente
2024-01,1.54,2.72,porcentaje,INEGI · Índice Nacional de Precios Productor (INPP) · sector 23 Construcción
2024-02,0.63,2.34,porcentaje,INEGI · Índice Nacional de Precios Productor (INPP) · sector 23 Construcción
2024-03,0.10,1.48,porcentaje,INEGI · Índice Nacional de Precios Productor (INPP) · sector 23 Construcción
2024-04,-0.11,1.21,porcentaje,INEGI · Índice Nacional de Precios Productor (INPP) · sector 23 Construcción
2024-05,0.19,1.17,porcentaje,INEGI · Índice Nacional de Precios Productor (INPP) · sector 23 Construcción
2024-06,0.48,2.05,porcentaje,INEGI · Índice Nacional de Precios Productor (INPP) · sector 23 Construcción
2024-07,0.11,2.71,porcentaje,INEGI · Índice Nacional de Precios Productor (INPP) · sector 23 Construcción
2024-08,0.25,3.27,porcentaje,INEGI · Índice Nacional de Precios Productor (INPP) · sector 23 Construcción
2024-09,0.61,4.07,porcentaje,INEGI · Índice Nacional de Precios Productor (INPP) · sector 23 Construcción
2024-10,-0.41,3.75,porcentaje,INEGI · Índice Nacional de Precios Productor (INPP) · sector 23 Construcción
2024-11,0.03,3.68,porcentaje,INEGI · Índice Nacional de Precios Productor (INPP) · sector 23 Construcción
2024-12,0.01,3.46,porcentaje,INEGI · Índice Nacional de Precios Productor (INPP) · sector 23 Construcción
2025-01,1.27,3.18,porcentaje,INEGI · Índice Nacional de Precios Productor (INPP) · sector 23 Construcción
2025-02,0.78,3.34,porcentaje,INEGI · Índice Nacional de Precios Productor (INPP) · sector 23 Construcción
2025-03,0.49,3.75,porcentaje,INEGI · Índice Nacional de Precios Productor (INPP) · sector 23 Construcción
2025-04,0.81,4.71,porcentaje,INEGI · Índice Nacional de Precios Productor (INPP) · sector 23 Construcción
2025-05,0.17,4.69,porcentaje,INEGI · Índice Nacional de Precios Productor (INPP) · sector 23 Construcción
2025-06,-0.10,4.08,porcentaje,INEGI · Índice Nacional de Precios Productor (INPP) · sector 23 Construcción
2025-07,-0.07,3.90,porcentaje,INEGI · Índice Nacional de Precios Productor (INPP) · sector 23 Construcción
2025-08,0.04,3.68,porcentaje,INEGI · Índice Nacional de Precios Productor (INPP) · sector 23 Construcción
2025-09,0.36,3.42,porcentaje,INEGI · Índice Nacional de Precios Productor (INPP) · sector 23 Construcción
2025-10,0.16,4.01,porcentaje,INEGI · Índice Nacional de Precios Productor (INPP) · sector 23 Construcción
2025-11,-0.11,3.87,porcentaje,INEGI · Índice Nacional de Precios Productor (INPP) · sector 23 Construcción
2025-12,0.07,3.93,porcentaje,INEGI · Índice Nacional de Precios Productor (INPP) · sector 23 Construcción
2026-01,1.29,3.95,porcentaje,INEGI · Índice Nacional de Precios Productor (INPP) · sector 23 Construcción
2026-02,0.90,4.08,porcentaje,INEGI · Índice Nacional de Precios Productor (INPP) · sector 23 Construcción
2026-03,0.41,4.00,porcentaje,INEGI · Índice Nacional de Precios Productor (INPP) · sector 23 Construcción
2026-04,0.96,4.15,porcentaje,INEGI · Índice Nacional de Precios Productor (INPP) · sector 23 Construcción
2026-05,0.59,4.59,porcentaje,INEGI · Índice Nacional de Precios Productor (INPP) · sector 23 Construcción
2026-06,0.47,5.20,porcentaje,INEGI · Índice Nacional de Precios Productor (INPP) · sector 23 Construcción
2026-07,0.50,5.79,porcentaje,INEGI · Índice Nacional de Precios Productor (INPP) · sector 23 Construcción
2026-08,0.16,5.91,porcentaje,INEGI · Índice Nacional de Precios Productor (INPP) · sector 23 Construcción
