periodo,construccion_mdp_2018,edificacion_mdp_2018,obra_civil_mdp_2018,trabajos_especializados_mdp_2018,construccion_yoy,edificacion_yoy,obra_civil_yoy,trabajos_especializados_yoy
2018-T1,1439983.686,1042778.555,213199.256,184005.875,,,,
2018-T2,1459286.231,1071187.176,207892.153,180206.902,,,,
2018-T3,1467128.471,1073962.365,208500.588,184665.518,,,,
2018-T4,1476759.712,1071776.916,226656.087,178326.709,,,,
2019-T1,1429351.796,1070621.039,189797.739,168933.018,-0.7383340591540444,2.670028441465222,-10.976359598553188,-8.191508559169636
2019-T2,1410585.011,1056115.895,184492.385,169976.731,-3.3373315642556745,-1.4069698870255998,-11.255724500577946,-5.676902985658117
2019-T3,1379017.096,1018938.68,190366.272,169712.144,-6.005702754847563,-5.123427672439895,-8.697489140893932,-8.09754531433422
2019-T4,1393458.001,1033294.226,193927.176,166236.599,-5.640843958776697,-3.5905503678528516,-14.43989942348206,-6.77975277388202
2020-T1,1298831.011,962777.574,170666.638,165386.799,-9.131466820502753,-10.072982042341504,-10.079730717972357,-2.0991864361293855
2020-T2,908685.694,634952.606,154028.783,119704.305,-35.58093366128927,-39.87851058713589,-16.512118914826758,-29.576063561311816
2020-T3,1134468.314,826274.304,158185.599,150008.411,-17.7335569449677,-18.908338625441136,-16.90460850123703,-11.610090200734257
2020-T4,1275197.173,944902.428,169928.452,160366.293,-8.486859877738073,-8.554368714724635,-12.375121679696932,-3.5312957768102504
2021-T1,1230753.403,913294.898,155721.429,161737.076,-5.241452307762929,-5.13957505204623,-8.756959869333103,-2.206780119131513
2021-T2,1265193.623,937056.154,157907.805,170229.664,39.23335993446375,47.57891300000428,2.5183747637608667,42.20847278633797
2021-T3,1289104.976,962696.456,176878.983,149529.537,13.630760779450025,16.51051610095817,11.81737409610848,-0.31923143296277434
2021-T4,1310127.174,955915.84,198552.567,155658.767,2.7391843190668785,1.165560768354812,16.844804188529892,-2.935483455990351
2022-T1,1289335.367,945723.303,181815.444,161796.62,4.75984578691433,3.5507047144371473,16.756855602705766,0.036815306343229715
2022-T2,1311893.635,957966.316,165280.36,188646.959,3.691135582019922,2.23147373940622,4.668898411956257,10.81908673684513
2022-T3,1287134.79,931216.107,190449.113,165469.57,-0.15283363548198592,-3.270018166556965,7.671985540531967,10.660123290557632
2022-T4,1362698.424,972876.159,212901.767,176920.498,4.012682970271708,1.7742481388319797,7.22690228427012,13.659192739204972
2023-T1,1336299.45,962347.897,199242.255,174709.298,3.642503277426945,1.7578708219691652,9.584890379279344,7.980808251742233
2023-T2,1421062.075,995886.805,233973.95,191201.32,8.32143987039009,3.958436572001567,41.561858892369315,1.3540430301874018
2023-T3,1510878.542,1012308.097,310405.874,188164.571,17.383086351041754,8.708181633718247,62.986253446084575,13.715513372035716
2023-T4,1624576.058,1079490.558,344704.385,200381.115,19.21757810736264,10.958681432751604,61.907714462510796,13.260542031709633
2024-T1,1462603.36,993597.563,291958.983,177046.814,9.451766967351528,3.2472317025284747,46.534671071655964,1.3379459632423263
2024-T2,1553869.362,1089088.977,269370.677,195409.708,9.34563586886239,9.358711404957297,15.128490586238353,2.201024553596187
2024-T3,1532505.95,1073473.932,283097.216,175934.802,1.4314458375569439,6.042215327652367,-8.79772590901421,-6.499506753585404
2024-T4,1530348.396,1094673.368,255300.644,180374.384,-5.800138536819432,1.4064791847859803,-25.936351520448454,-9.984339592081815
2025-T1,1441632.582,1059140.201,206101.473,176390.908,-1.433798018896948,6.596497459404493,-29.40738768089215,-0.3704703773997453
2025-T2,1519103.671,1119166.634,204320.731,195616.306,-2.2373625383315776,2.7617263267921244,-24.148859380117315,0.10572555586645382
2025-T3,1458587.622,1070633.27,208644.196,179310.156,-4.823363198035214,-0.26462328663235946,-26.299453259194195,1.9185254774095162
2025-T4,1593563.676,1178344.478,232939.902,182279.296,4.130777028631583,7.643477264169629,-8.758592085650985,1.0560878755378145
2026-T1,1432034.466,1040079.13,212984.381,178970.955,-0.6657810124327423,-1.7996740169057057,3.339572444491945,1.4626870677484138
2026-T2,1591877.464,1171806.851,221236.362,198834.251,4.790574493977373,4.70351915441396,8.278959710652178,1.6450290192066008
